{
  "episodes": 200,
  "final_stats": {
    "episode": 200,
    "total_reward": 80915.00000000006,
    "episode_rewards": [
      -17.39999999999999,
      377.6,
      107.6,
      152.59999999999994,
      417.6000000000002,
      512.6000000000003,
      557.6000000000001,
      162.6,
      517.6000000000001,
      642.6000000000003,
      637.6000000000003,
      517.6000000000001,
      332.6,
      312.59999999999997,
      257.59999999999997,
      37.60000000000001,
      487.6000000000003,
      452.60000000000014,
      712.6000000000003,
      202.5999999999999,
      757.6000000000003,
      102.6,
      807.6000000000003,
      327.59999999999997,
      722.6000000000004,
      347.6,
      412.60000000000014,
      7.600000000000001,
      212.5999999999999,
      412.6000000000001,
      517.6000000000001,
      612.6000000000003,
      677.6000000000003,
      187.5999999999999,
      127.59999999999995,
      172.59999999999997,
      322.59999999999997,
      367.6,
      292.6,
      397.6000000000001,
      327.59999999999997,
      452.60000000000014,
      262.59999999999997,
      872.6000000000005,
      397.6000000000001,
      282.5999999999999,
      592.6000000000003,
      227.59999999999994,
      447.60000000000025,
      62.6,
      412.6000000000001,
      332.6,
      652.6000000000003,
      72.6,
      727.6000000000004,
      447.6000000000001,
      392.6,
      312.59999999999997,
      632.6000000000003,
      902.6000000000004,
      372.6000000000001,
      322.6,
      397.6000000000001,
      442.6000000000001,
      562.6000000000001,
      547.6000000000003,
      567.6000000000003,
      572.6000000000003,
      302.6000000000001,
      272.59999999999997,
      497.60000000000014,
      522.6000000000001,
      847.6000000000004,
      412.6000000000001,
      372.6000000000001,
      532.6000000000001,
      572.6000000000003,
      537.6000000000001,
      42.600000000000016,
      372.6,
      502.60000000000025,
      487.6000000000002,
      292.59999999999997,
      347.6,
      477.60000000000025,
      707.6000000000004,
      352.6,
      562.6000000000004,
      602.6000000000003,
      282.6,
      62.60000000000002,
      502.60000000000025,
      67.6,
      292.6,
      342.6,
      272.59999999999997,
      367.6,
      272.59999999999997,
      257.59999999999997,
      472.6000000000002,
      497.6000000000003,
      262.5999999999999,
      627.6000000000001,
      592.6000000000003,
      527.6000000000003,
      652.6000000000003,
      827.6000000000004,
      87.6,
      447.6,
      417.6000000000002,
      397.60000000000014,
      367.6,
      487.6000000000002,
      472.60000000000014,
      72.6,
      192.59999999999997,
      367.6,
      597.6000000000003,
      297.5999999999999,
      532.6000000000003,
      397.60000000000014,
      577.6000000000001,
      312.6,
      237.59999999999994,
      92.59999999999998,
      177.59999999999997,
      457.6000000000001,
      222.59999999999988,
      427.60000000000014,
      312.6,
      722.6000000000003,
      412.6000000000002,
      347.6000000000001,
      632.6000000000003,
      747.6000000000004,
      587.6000000000001,
      177.59999999999997,
      227.5999999999999,
      312.6,
      442.60000000000014,
      482.60000000000014,
      197.59999999999997,
      -2.3999999999999897,
      397.60000000000014,
      252.59999999999994,
      442.6000000000002,
      407.6000000000001,
      182.59999999999997,
      282.5999999999999,
      512.6000000000001,
      252.59999999999994,
      692.6000000000004,
      272.5999999999999,
      412.60000000000014,
      397.6,
      627.6000000000003,
      437.6000000000001,
      12.6,
      67.60000000000001,
      567.6000000000003,
      262.5999999999999,
      302.59999999999997,
      652.6000000000004,
      327.6,
      542.6000000000001,
      282.59999999999997,
      372.6000000000001,
      327.6,
      347.6,
      442.6000000000001,
      392.6000000000001,
      497.60000000000014,
      207.59999999999994,
      652.6000000000001,
      507.6000000000001,
      647.6000000000003,
      497.60000000000025,
      352.6000000000001,
      437.6000000000002,
      352.6,
      672.6000000000003,
      632.6000000000003,
      722.6000000000004,
      312.6,
      427.60000000000014,
      182.6,
      27.600000000000005,
      697.6000000000003,
      117.6,
      522.6000000000001,
      372.59999999999997,
      157.59999999999994,
      397.6000000000001,
      552.6000000000001,
      182.59999999999997,
      222.59999999999997,
      507.6000000000002,
      737.6000000000004,
      667.6000000000003,
      362.6000000000001
    ],
    "best_reward": 902.6000000000004,
    "avg_reward_100": 403.35
  },
  "q_table_size": 6550,
  "demo_completed": "2025-09-05T14:53:54.379553"
}